Gene	SRR1791304	SRR1791305	SRR1791306	SRR1791307	SRR1791308	SRR1791309	SRR1791310	SRR1791311	SRR1791312	SRR1791313	SRR1791314	SRR1791315	SRR1791316	SRR1791317	SRR1791318	SRR1791319	SRR1791320	SRR1791321	SRR1791322	SRR1791323	SRR1791324	SRR1791325	SRR1791326	SRR1791327	SRR1791328	SRR1791329	SRR1791330	SRR1791331	SRR1791332	SRR1791333	SRR1791334	SRR1791335	SRR1791336	SRR1791337	SRR1791338	SRR1791339	SRR1791340	SRR1791341	SRR1791342	SRR1791343	SRR1791344	SRR1791345	SRR1791346	SRR1791347	SRR1791348	SRR1791349	SRR1791350	SRR1791351	SRR1791352	SRR1791353	SRR1791354	SRR1791355	SRR1791356	SRR1791357	SRR1791358	SRR1791359	SRR1791360	SRR1791361	SRR1791362	SRR1791363	SRR1791364	SRR1791365	SRR1791366	SRR1791367	SRR1791368	SRR1791369	SRR1791370	SRR1791371	SRR1791372	SRR1791373	SRR1791374	SRR1791375
RMRP	0.671988469	83.79380416	0.848471494	7.875973818	83.18218241	0.619404769	95.3061902	0.632181424	0.752070672	0.395561036	130.1302438	0.63584691	0.112802174	1.137211944	5.615904333	0.385265364	69.89845336	0.527742414	0.898696101	109.7341717	93.350168	0.593064114	142.9399111	136.1598322	42.00010278	101.2794499	3.27305688	91.1542839	2.788218507	35.63155044	0.809418122	109.7341717	98.86889748	0.290987185	123.7948406	60.72778392	123.7948406	3.035232357	42.17382219	82.57739977	72.91553345	0.26316177	31.1104262	56.59082146	0.970664359	62.48729287	3.725032838	133.1226183	0.325336249	1.007646347	0.442190903	97.29032593	2.919383741	0.724619665	121.4735599	4.700195451	0.767637671	28.31865929	0.086335828	4.209266726	0.705100516	133.1226183	95.3061902	0.563459667	0.823198768	0.587667636	2.803668105	0.366531832	5.773321355	29.80275239	2.39793281	0.774095216
DBET	56.36894843	66.41171059	89.98781202	93.99512548	48.76610904	28.36622273	95.97140842	5.464592969	89.46226446	32.20816953	85.53755268	63.26971993	50.23191205	28.13498082	30.20803886	21.50810702	104.4810051	11.76343496	4.029202263	136.1598322	72.53764926	29.05791773	76.8202164	102.294477	98.86889748	61.29338903	33.82192486	66.41171059	47.42802113	89.46226446	54.66942814	89.46226446	51.77757969	20.3450795	78.17907366	64.12844392	92.5990798	4.384613673	71.02682344	66.71913298	100.4162659	53.58073176	94.64097198	119.0866716	46.74653547	81.97944739	33.28529037	83.79380416	13.37489363	95.97140842	100.4162659	93.350168	54.49556113	72.53764926	43.52008588	38.33814808	33.76328369	102.294477	6.143884283	128.7457936	121.4735599	83.79380416	71.7688142	5.403145635	6.042644114	3.117683184	5.889331443	5.722221865	45.68669357	96.63122788	6.660150417	4.218240636
H2BC18	0.137931725	42.26925647	0.172981528	0.935253085	37.22288045	5.755348922	50.53056028	0.129175658	3.201651081	0.065681422	73.29341763	1.409831142	0.81884277	4.082190715	0.118313079	1.119597698	19.4018028	1.100714313	4.257030082	39.28872658	43.06357026	2.131276263	75.97750452	95.3061902	10.02225161	49.77525303	1.255223584	45.44211762	4.911205092	8.562106949	1.86624018	73.29341763	75.55432378	3.304610502	68.0425535	22.32770812	65.24739685	0.165768019	16.51941547	48.4563329	29.5028861	1.897404863	13.88290744	28.13498082	0.194700439	36.29311441	2.178450625	84.97077371	0.870623934	1.256896432	3.048524641	60.07111732	1.003045975	0.148812716	80.72398024	5.582520854	2.602802904	10.46738459	1.780479572	3.086489008	0.817341405	75.97750452	41.30357743	1.493368283	0.168660919	1.610790267	2.598274546	1.026141115	0.137894118	10.09018169	2.936905523	1.750744392
H4C5	0.994578572	21.71522055	2.019776574	0.151222689	25.3147739	4.991588077	13.99510761	1.916258307	0.154782637	1.228493163	31.21660615	1.255952306	1.208818309	4.508789809	0.673069726	1.496078693	10.41917232	2.765514238	4.843318255	22.2115547	23.53137675	3.882457847	35.55385852	41.18864555	5.997049232	15.0215872	2.048868928	19.76758508	2.094282767	5.12111707	3.856792239	36.97417134	31.00678235	3.505146299	45.68669357	8.163777497	29.70243288	3.031265455	9.640036749	14.89547458	12.97822397	1.221338625	7.144295662	11.15331824	2.868635119	10.39425826	1.937468319	43.06357026	1.590591347	2.391307312	4.67383329	27.46750099	1.4458867	0.148812716	36.45214595	3.204349448	2.083581219	4.100545742	1.327549939	1.556115451	0.145106705	29.31758111	24.72255483	1.188882252	0.168660919	1.02811122	1.82187538	1.487117092	1.099737096	6.781743536	2.293358965	4.30306289
LSM8	36.00284503	9.542102064	44.32979467	33.28529037	11.00598526	2.458645153	16.48668977	1.392268949	44.95707793	14.7744698	7.708257255	24.12237667	20.43587764	2.730791515	3.959351239	4.147776134	13.02639107	1.633931612	1.984893172	14.81089204	7.288839299	4.004136537	7.316505304	15.08861092	17.1545621	12.01369977	4.397271214	9.425471157	7.445820417	13.08866534	7.56880724	15.9123122	6.416855925	3.48061032	13.00616518	7.533076841	28.92003117	1.679850564	15.66661896	16.16571427	18.52452673	6.722279443	20.63608985	14.53253711	8.243116037	12.37269818	9.309157961	8.021826003	3.220379926	38.50345215	6.146430697	10.80637135	4.176979802	29.45640494	7.67859453	4.44938198	4.262596701	16.45303205	1.861234167	71.02682344	55.44771485	11.18632721	14.26471568	1.812640553	2.477774563	3.149594482	1.860848342	1.416203682	31.32220078	46.13364305	2.08989594	3.648269335
H4C8	0.927548652	38.42081868	2.494694936	1.190039041	46.37123757	4.968120254	31.16340127	0.988596612	7.387188027	0.685695569	52.51194895	1.217466163	0.887246168	11.00598526	0.947073217	0.727478411	17.76738063	2.238441683	10.41917232	42.95829485	43.52008588	1.862585709	44.81745682	68.62447254	7.345976475	36.52315023	2.064791244	34.15538401	0.525322286	6.131255991	3.191193194	45.32256838	43.7390441	3.869142962	68.90554467	14.43411762	13.65189544	0.866072669	15.44299107	16.94852499	25.2260553	0.61314566	19.83711442	11.25831958	4.312650545	18.49127844	1.079183914	75.09413781	0.550495769	1.022242875	3.692854894	35.85573014	0.81753036	0.729702303	63.00945454	4.337741558	3.369454628	6.884763555	1.125611921	1.444205005	3.023853156	34.99958097	30.25424057	1.921051886	1.197327934	1.122862643	2.552713247	2.371376382	0.844281288	8.074053301	4.87545356	1.866439699
FSTL1	22.3051569	34.09839136	0.858165039	0.744731006	11.69178323	2.776127184	34.0428922	0.807371977	28.09323217	2.744839393	87.80554251	0.663143608	3.302177207	5.114602096	0.118313079	2.741164877	15.94470417	5.501182979	2.251270571	55.056275	31.4747925	9.677622937	52.68766845	76.39951803	3.930308676	29.18875855	1.032305648	19.60405056	6.759802057	9.102981577	0.819125681	83.79380416	71.02682344	8.851437288	30.4007765	12.595737	38.59039142	1.67388478	10.18147929	20.09492337	11.86013161	4.170286476	8.028644282	11.95455322	1.641108399	25.66237743	5.998334628	86.05636819	2.238441683	5.245878462	7.748343701	22.4194251	2.490544863	0.731149323	95.97140842	7.755293997	2.481034619	3.194318966	2.012096657	14.19626618	0.714485116	43.17083152	26.2926507	1.533061086	4.425761245	1.534206284	1.168676702	1.255367564	0.681943716	8.781908396	0.786868334	6.058581436
BCYRN1	2.17867042	59.11642882	0.172981528	0.953517467	46.02184255	5.739831239	54.49556113	1.832418941	2.206905677	1.120070097	89.46226446	0.651470203	2.198918614	21.71522055	1.173834578	1.943503328	31.93101841	1.278785695	5.977028971	51.09491694	38.67940204	4.634784616	78.17907366	95.97140842	17.23384841	87.19105246	0.123103054	61.01058647	1.530495649	12.2823993	1.876167298	81.36642969	65.24739685	4.657173004	72.15363852	19.48686137	99.6529925	1.929729788	21.44439081	31.64800975	26.22245527	2.608143457	27.30192688	20.09492337	0.194700439	28.66227754	1.542782335	92.5990798	1.150120488	2.393630736	4.116074346	52.68766845	1.33869845	2.075637283	75.55432378	3.760750279	2.622002839	10.4970732	0.712057133	0.217296125	0.95016345	80.72398024	49.07071777	3.236917344	0.168660919	3.854225403	1.72862879	1.695911696	2.03325068	11.76343496	1.978145738	1.592855714
LGR4-AS1	38.85471003	6.620891716	58.04423714	44.32979467	11.31626732	2.168836848	19.55430759	1.309608848	56.36894843	16.24583696	8.127291098	29.5497514	26.43301214	2.870317482	4.380474087	3.663732051	16.76269372	1.003944012	1.697422507	14.45993404	7.578849325	3.055557552	7.620230697	17.19491349	20.01657549	12.45800641	3.288252677	10.41115092	9.001745701	14.56815268	5.309210454	17.23384841	7.6101402	2.603103049	12.83709393	9.677622937	36.45214595	1.868601702	17.08873735	15.64512874	21.46500544	4.437657056	22.6931136	16.64032662	6.791163051	12.43495907	7.090289779	7.042439034	3.081998871	51.5884203	5.849492533	10.12136021	2.955463478	38.08946096	6.016785927	4.058928793	3.546801176	18.2867264	0.911070453	84.97077371	76.8202164	12.81836883	13.92217756	1.59626964	2.287465507	1.55807948	2.155034951	0.731833587	34.9286878	44.32979467	1.196307712	1.7615176
PNPLA3	17.39747083	4.897901853	20.82190825	18.80938977	6.508456684	1.351453191	8.310795198	1.17294632	26.08333532	8.054683644	4.335146781	11.71140988	9.509888799	1.753676534	2.531195492	1.847366306	7.683094562	0.71934147	1.131690944	6.699045761	3.816101769	2.213976732	3.279616226	6.850729318	11.31626732	13.75560311	1.623992707	5.731275001	3.147335568	7.968760935	2.583378754	6.302087219	4.510208387	1.468749427	6.152572743	4.334464379	13.60427439	1.514392752	9.444497027	6.824932607	7.839205066	2.80911077	13.84787087	9.197692164	3.25666407	6.46667707	3.808939884	5.749581361	1.532890795	25.01363267	2.166069496	3.124989348	1.473660656	14.22094629	5.260759223	1.879164612	1.954706923	9.772702623	0.854249773	50.07791226	28.36622273	5.52540593	8.420996649	0.76684354	1.311671029	1.006041009	1.347932101	0.567174319	16.86097999	28.83472997	0.75686606	0.851154839
COTL1	0.85191124	29.80275239	7.757128415	0.764422762	35.21033343	13.42793882	23.04338585	0.637766322	2.053838407	0.62382005	58.25393105	0.643089789	4.126425637	4.966349519	0.979167833	2.909358225	11.12534071	2.766829321	9.729255844	29.14604581	30.81157903	3.638412278	41.79148942	59.11642882	7.852295593	33.8784219	0.912462373	21.39924312	2.163790007	7.459323395	0.165553319	54.66942814	58.45181257	5.595282448	79.64146137	17.02724009	56.13413774	1.503138847	9.108797631	24.12237667	20.72590058	1.497162169	13.77114247	14.34270022	1.41471097	20.40002176	3.17555715	61.54476222	0.668628609	0.201036587	1.621497443	24.72255483	2.859496068	5.664945902	75.09413781	9.801055385	5.136748167	3.88402871	1.070643356	0.217296125	0.145106705	39.28872658	27.42678634	0.914523234	0.845540337	1.016117275	4.462117464	2.496124283	0.950387774	8.871744061	1.155539697	1.952835362
HEATR3	63.26971993	27.153095	79.17060397	64.12844392	26.46729084	7.280429089	47.12610541	4.34270255	84.97077371	33.39784568	19.87554224	46.37123757	39.02955283	6.034081036	10.01886905	10.0293361	46.86584265	3.027731047	3.502324567	34.66796	15.74234686	7.360524281	25.2260553	32.63739392	58.64740377	27.18947486	8.122130264	29.8451946	21.76448454	34.8631763	13.40459704	31.64800975	16.96262468	5.80884687	30.66900729	26.32641016	70.65211548	4.898764964	25.97060983	30.86010756	35.55385852	22.64322973	63.53799915	30.20803886	26.9904725	25.8658224	20.09492337	18.82490918	6.398672499	79.64146137	30.44882627	21.59952114	7.86942356	65.24739685	18.30317052	9.071048372	12.01369977	32.58288913	3.563352927	113.7887571	93.350168	25.8658224	41.79148942	4.698673594	7.515313113	4.80438709	4.268906503	3.718418747	57.42311728	72.53764926	3.577721432	2.513160204
GREM1	3.844363284	29.5028861	3.695442285	3.639391361	34.66796	1.187424504	54.86285157	3.060214256	3.068337857	2.923692868	84.39373843	2.914418476	2.573924824	1.790031396	6.671379945	2.797739936	15.64512874	1.984468827	1.300036063	92.5990798	34.8631763	1.205231225	65.24739685	98.05845082	4.325160028	40.69420942	2.106993052	22.71811891	6.521185458	6.341759545	1.99036613	64.62148047	65.54840666	3.882457847	69.18582669	13.92217756	72.53764926	2.86694415	21.73993443	33.2290035	34.59935919	6.45479858	12.21375495	17.22048836	2.084255087	23.17728602	6.264769421	88.92714058	3.265306104	3.903749269	4.491429745	39.46674076	4.180183891	3.538160604	98.86889748	1.040472306	1.747840237	11.190842	2.667491156	5.085306151	3.699728765	43.85716814	54.32465874	2.275839798	4.469489628	1.582539023	3.735967874	1.785943283	3.840231032	6.568864625	2.719037748	1.67216245
ANKRD30B	62.24365159	16.96262468	85.53755268	69.89845336	22.25901479	5.328894723	46.02184255	5.964022527	72.91553345	38.85471003	16.22359501	57.42311728	49.62882023	5.621263189	7.318393049	8.279916445	42.70884242	9.415907762	5.59844876	35.85573014	18.16513788	8.000335223	21.09764083	36.81541855	45.32256838	32.53068929	10.69571277	37.3727734	22.09849117	36.5885986	10.9337425	30.95683895	13.05301447	5.426017135	21.07651111	26.91010855	45.5638462	6.374021603	43.52008588	39.46674076	54.49556113	9.150522021	38.33814808	42.70884242	10.18147929	29.05791773	18.89098184	15.00284248	8.13174372	73.29341763	12.28806696	28.53670807	7.708257255	48.92061445	14.01191327	9.180628518	7.73177602	45.91181607	8.313083923	117.7828005	88.92714058	35.14037028	31.87156563	3.504677756	9.535374653	6.940327949	3.9531616	4.919642247	61.79131681	84.97077371	3.888436248	7.996081648
ANKRD34A	13.53519306	22.07474812	23.07188425	23.75510639	16.70102911	11.81223715	23.58869693	3.137052644	22.66764426	9.136017994	27.91941214	12.10372564	9.918500859	7.953144391	9.377256651	6.30065609	28.41225522	2.721480422	4.152311167	42.17382219	19.97993591	11.63472377	25.48415898	31.70596029	34.66796	18.99066224	8.726770342	22.54417978	9.66692274	16.51941547	11.76923734	22.12019991	15.85493537	8.083048868	20.72590058	15.29676197	27.46750099	4.534106468	25.48415898	15.67648218	21.55367424	10.99236038	19.38470999	32.09631033	10.57560951	20.93099835	6.139949461	30.20803886	4.193386017	31.9904712	22.51771085	21.05655222	5.680932898	16.94852499	18.19442907	10.2080417	13.24624718	25.09707574	3.556985334	54.49556113	24.23984583	19.29810191	28.53670807	2.476686916	2.869645029	3.451506835	4.142587229	2.126236499	13.28295875	28.41225522	2.983458247	2.780339854
RPPH1	4.387922109	87.80554251	4.709660974	9.217196459	64.93081403	6.806816014	84.39373843	8.21669599	8.85730471	3.070595377	89.98781202	7.263557324	5.391620459	8.606434976	5.063681403	4.545490077	65.84379533	6.552679962	4.645482381	78.67483881	55.90104721	10.42683798	80.72398024	94.64097198	47.72161515	35.21033343	5.102081573	76.8202164	5.145358114	20.11355632	5.574967074	72.91553345	66.13085576	4.973510576	75.09413781	19.94604054	62.7485661	4.134382384	36.07196749	28.83472997	39.37773367	3.019324314	46.9840251	29.97535884	5.909136667	27.18947486	2.867279939	88.37061168	6.525418916	11.08794067	12.74302471	48.30114327	6.032883386	9.997268715	86.5765624	10.53925352	10.34077424	15.50750571	5.149993373	6.064780463	4.564476589	80.11193796	47.12610541	6.571562911	1.948251254	3.337862195	7.946489148	3.928044866	8.161476576	23.58869693	6.387142454	4.640347565
TMSB10	3.673125572	69.53198017	1.599682979	2.021973985	66.41171059	19.96258254	48.30114327	2.647168046	4.085170905	2.314838254	101.2794499	2.552435233	5.225116287	31.05747287	4.568685407	5.818201309	31.42495269	5.399253564	23.643555	59.81212103	64.62148047	7.544932737	93.99512548	106.9999147	13.03948687	68.62447254	10.74529123	50.95553253	3.30695779	11.33169159	11.645108	87.19105246	95.3061902	12.18811837	96.63122788	28.96596303	98.86889748	2.653149905	19.97993591	60.72778392	36.21688824	3.171317773	21.80956253	25.16100337	2.055602894	43.52008588	3.246654578	119.0866716	2.319607879	5.612517569	9.825805069	62.24365159	2.74053098	3.840231032	113.7887571	41.68859322	8.69462599	10.2554395	5.213120091	4.675273726	1.371324658	84.97077371	67.72450597	4.291643738	4.337741558	3.517800378	6.707870969	7.085087555	3.009178803	15.96884256	7.814149008	10.9380374
GPM6B	104.4810051	25.19350715	106.9999147	112.4535148	88.37061168	8.498774762	58.64740377	6.46667707	119.0866716	39.73205715	51.77757969	64.93081403	37.22288045	6.566083278	29.45640494	12.50099402	38.85471003	3.708256388	32.26116517	75.55432378	24.78541108	25.12903955	17.28316407	58.64740377	75.09413781	47.72161515	12.08458376	27.72334992	45.68669357	57.42311728	23.8976936	84.97077371	34.2126192	12.81208036	65.54840666	27.30192688	112.4535148	5.920996046	38.76749218	38.85471003	54.15136145	31.37452416	83.79380416	46.62075314	68.33351302	23.28130066	35.70769501	47.57383764	5.857277739	104.4810051	41.407205	20.26701181	5.646272767	80.72398024	32.69189871	39.02955283	17.34089878	52.68766845	2.336190935	134.6427201	113.7887571	36.97417134	80.11193796	13.67409967	9.024996415	13.19708617	28.66227754	3.127675787	89.46226446	130.1302438	3.159275313	6.878271323
TNPO2	6.994024118	15.47785165	10.41917232	10.3447756	56.13413774	9.245427061	15.06975374	8.090814409	9.415907762	7.560985841	11.27297934	6.293962112	7.000360997	5.236418294	13.03271181	18.87439219	10.24705652	6.910579992	23.30346404	7.112338165	11.96508274	20.88720252	19.28112996	9.685154791	10.15742239	8.673022478	14.19626618	16.9768481	33.76328369	12.00256336	12.40311273	9.497297816	8.231877312	21.57701553	32.97550605	10.25143232	40.97913397	5.326215237	17.1545621	7.158837027	10.12136021	10.69571277	16.18882478	11.21456253	22.25901479	6.875034968	14.38534046	7.950859754	6.070988502	12.79210691	26.32641016	15.58052601	11.3969563	8.598912152	5.627836123	35.92952475	25.75940019	14.82112503	3.325496502	8.520603991	5.985665523	16.59235958	31.26981103	2.929178396	2.751927898	3.199337561	7.242531734	3.725555707	8.226684069	12.72817792	4.650271903	4.713555382
HSPA8	6.118152026	77.25315009	4.725280429	4.026376959	67.72450597	43.97032172	53.58073176	4.657954061	7.715902677	2.569177627	119.0866716	4.683686216	3.939649573	34.0428922	3.344111451	8.354673407	34.8631763	3.886253349	22.6201362	79.64146137	80.72398024	12.09720723	88.92714058	105.6388127	12.90231688	81.36642969	15.62258861	65.54840666	6.867112469	14.11137788	8.071794141	98.05845082	97.29032593	14.3173191	91.82051791	27.54892959	65.84379533	2.987848599	23.94967527	54.15136145	42.00010278	4.154724851	45.44211762	30.25424057	6.367016853	44.95707793	4.638288107	123.7948406	4.355634289	9.493875177	29.75339937	68.33351302	4.565178038	5.72330748	120.3443359	43.41545107	10.09386299	10.50115922	5.746218127	3.022796577	2.304710394	95.97140842	63.00945454	9.057488393	8.815986251	3.887890918	7.721633673	5.325379456	7.345976475	18.13964116	8.920202157	15.96884256
GAPDH	13.38223193	117.7828005	25.52089732	46.9840251	87.19105246	46.9840251	82.57739977	17.29581137	13.01367209	18.69696855	122.608642	14.59530373	17.41001796	39.94022721	13.50409372	13.72378171	62.02100725	25.38026789	44.32979467	101.2794499	98.86889748	36.45214595	119.0866716	119.0866716	42.47514571	94.64097198	32.79311026	87.80554251	11.44753706	40.31373509	24.46700197	108.3610166	116.4604839	22.3051569	109.7341717	51.96582889	95.97140842	32.69189871	58.45181257	75.97750452	62.7485661	18.65072427	67.72450597	49.9235459	10.4970732	70.2727151	19.01895352	128.7457936	8.971338752	31.42495269	50.23191205	79.64146137	12.17593861	21.32923315	127.3998222	61.01058647	23.28130066	30.25424057	30.66900729	42.08763889	8.315659176	98.86889748	98.05845082	8.883288329	14.49585749	12.55016665	30.81157903	12.9151967	17.07589442	32.36616204	12.75817713	25.12903955
TUBA1B	7.347784084	79.64146137	3.837498437	6.37732177	82.57739977	16.29583191	68.33351302	5.875970822	5.711076524	4.660120048	141.2590258	3.577221886	9.640036749	12.92162478	7.495287303	8.188052893	33.70164766	5.416256748	9.925199353	119.0866716	92.5990798	12.43495907	130.1302438	137.7485169	19.9294544	111.1084957	6.427731225	70.2727151	11.4677048	15.21046082	16.75136904	131.6000123	136.1598322	19.01895352	124.9810392	47.57383764	111.1084957	9.576396648	21.85555657	89.46226446	39.73205715	9.595978694	47.12610541	44.56350434	1.35116714	76.39951803	23.61626589	147.1457644	6.459421043	0.201036587	28.17759445	81.36642969	8.863088408	4.218240636	147.1457644	14.16009263	8.250967758	8.098064874	3.442332639	0.217296125	4.268906503	108.3610166	86.5765624	8.64298377	3.279228303	9.928412587	3.096133842	9.226864865	5.859436588	25.09707574	11.92482592	4.944554322
FASTK	29.27038852	29.70243288	54.66942814	57.83454581	51.24901929	13.92904532	33.63335799	10.34077424	50.23191205	18.17964486	40.59424067	38.08946096	24.53093098	9.643101783	14.26471568	8.996296723	40.8805525	16.03883118	16.47577376	71.3955771	27.0792518	9.162203677	26.58697476	41.68859322	41.5858316	64.62148047	9.193924475	26.65903051	7.166079257	48.76610904	13.70705651	49.49089218	42.83671317	8.199831833	62.24365159	46.24753293	77.25315009	11.90733299	48.16100328	49.9235459	46.02184255	15.21046082	60.07111732	86.05636819	10.13885858	61.01058647	8.13388552	45.91181607	6.677730238	54.49556113	25.44741763	33.76328369	9.477545481	40.8805525	19.85589509	11.67574912	11.12981074	71.7688142	5.994676315	95.97140842	56.36894843	32.58288913	71.02682344	6.989279047	8.1975541	8.100274895	16.31951223	7.975832825	39.37773367	78.17907366	9.808721505	12.06731504
ACTG1	6.600195572	128.7457936	5.999598658	10.07954725	134.6427201	96.63122788	96.63122788	7.056465462	8.236388016	4.729167962	139.5090387	5.826092945	16.76269372	89.98781202	6.712714077	15.77380018	79.64146137	14.80197276	72.53764926	120.3443359	113.7887571	19.91220264	139.5090387	144.6207964	34.59935919	120.3443359	16.24583696	100.4162659	4.251890812	24.15271096	15.73235299	136.1598322	144.6207964	60.72778392	144.6207964	65.54840666	141.2590258	7.694167786	45.80269242	102.294477	76.8202164	9.183798752	78.17907366	69.89845336	8.457698698	91.82051791	4.069768294	142.9399111	6.233992389	14.87743325	53.38381014	116.4604839	7.733724362	13.14415828	141.2590258	78.67483881	18.01222508	20.99471551	5.89762798	3.745415824	4.954045945	120.3443359	121.4735599	8.784874694	6.611855441	4.253841845	26.54432433	6.847308481	5.150908896	42.00010278	18.52452673	26.79896235
MT-CYB	91.82051791	105.6388127	25.8658224	88.37061168	104.4810051	57.83454581	137.7485169	19.69294462	59.57501312	36.21688824	128.7457936	8.608831395	59.81212103	54.49556113	4.58550961	27.54892959	113.7887571	43.06357026	98.05845082	116.4604839	117.7828005	23.67122473	112.4535148	127.3998222	43.17083152	122.608642	43.97032172	84.39373843	10.35718358	43.17083152	12.52455231	137.7485169	131.6000123	25.9356207	117.7828005	84.39373843	116.4604839	22.51771085	105.6388127	115.1244594	62.02100725	25.55761262	70.2727151	56.79893551	7.503488029	95.3061902	18.37098979	134.6427201	17.45260125	124.9810392	22.39641239	104.4810051	7.053063594	69.89845336	137.7485169	50.81545967	32.20816953	24.39838602	31.64800975	58.25393105	26.54432433	123.7948406	123.7948406	22.84312211	12.11553497	7.741833883	34.9286878	9.477545481	84.39373843	35.55385852	17.93750561	21.76448454
MT-ND3	40.21875926	30.20803886	7.447764985	34.09839136	32.85300043	15.78486843	97.29032593	5.592015585	26.65903051	15.36867836	53.20022537	4.329095316	24.06053154	22.76708647	2.993119412	10.2554395	71.02682344	10.77955257	46.24753293	54.15136145	33.16569135	9.004514572	42.08763889	57.42311728	20.09492337	49.07071777	14.98235565	20.51265639	4.638963415	18.12254056	5.858357163	85.53755268	61.01058647	9.769117518	50.53056028	30.66900729	46.49497081	8.55124445	57.83454581	52.51194895	21.64425875	5.256980532	27.68381039	17.5702718	3.243354881	31.53023159	6.344230202	65.84379533	4.580245658	97.29032593	7.843686178	37.3727734	3.7063404	29.01192453	60.72778392	13.81692484	10.57976096	8.480901738	8.457698698	24.00352301	11.16769291	61.54476222	54.49556113	7.476294556	6.787990956	3.735487978	11.87203592	2.891243363	24.43261032	7.423643328	7.544932737	6.922131781
MT-ND4L	36.5885986	55.90104721	9.323257261	46.74653547	34.52763308	24.33120115	113.7887571	10.68764107	28.05148352	17.9528033	77.25315009	5.320880594	23.30346404	22.8188464	3.730944771	10.12136021	85.53755268	15.62258861	59.81212103	93.99512548	62.24365159	9.860396148	63.00945454	81.36642969	22.76708647	66.41171059	21.78809256	31.64800975	6.4780688	16.54441649	7.737684096	90.55328452	84.39373843	11.79696502	59.11642882	26.58697476	67.72450597	9.649545553	41.07980987	59.34981247	32.31222808	8.885908692	34.39867667	19.89495087	2.096360734	43.85716814	8.349484507	87.80554251	6.249819982	75.09413781	9.274776812	48.4563329	3.716937769	34.9286878	95.3061902	30.81157903	11.56203052	8.588310468	12.54417249	14.5141516	13.40459704	78.17907366	61.01058647	8.678228553	7.09190458	4.033971676	18.97596707	3.878160348	33.03542671	9.957253958	8.982486098	12.55605227
CTTN-DT	93.99512548	94.64097198	133.1226183	131.6000123	102.294477	20.26701181	89.46226446	11.98530108	128.7457936	100.4162659	69.89845336	92.5990798	88.92714058	27.54892959	44.95707793	42.47514571	92.5990798	12.55605227	16.94852499	99.6529925	64.93081403	31.4747925	67.06458678	67.72450597	126.1897265	86.05636819	43.7390441	67.06458678	71.3955771	137.7485169	65.84379533	79.64146137	66.41171059	30.66900729	98.86889748	113.7887571	106.9999147	31.87156563	64.93081403	62.48729287	120.3443359	95.97140842	112.4535148	72.15363852	81.97944739	93.99512548	99.6529925	49.9235459	26.5016739	120.3443359	95.97140842	57.21530206	35.55385852	120.3443359	57.00708335	51.96582889	49.9235459	72.15363852	15.04041369	126.1897265	116.4604839	70.2727151	94.64097198	19.7126364	23.94967527	29.5497514	36.29311441	13.36052525	100.4162659	93.99512548	15.1182382	26.2926507
PKM	69.53198017	72.15363852	77.71351535	75.55432378	71.02682344	75.55432378	90.55328452	64.37496219	73.29341763	78.67483881	97.29032593	84.39373843	67.72450597	58.87438773	67.40385255	70.2727151	76.39951803	66.71913298	75.97750452	90.55328452	93.99512548	91.1542839	92.5990798	90.55328452	76.8202164	88.37061168	68.33351302	92.5990798	75.09413781	93.99512548	63.26971993	94.64097198	82.57739977	79.17060397	74.57040972	83.79380416	87.19105246	68.0425535	95.3061902	80.72398024	98.05845082	61.29338903	71.02682344	89.98781202	84.97077371	94.64097198	71.02682344	96.63122788	63.00945454	61.54476222	57.62883154	78.17907366	71.02682344	65.54840666	105.6388127	63.26971993	96.63122788	90.55328452	69.89845336	83.79380416	78.67483881	83.18218241	85.53755268	54.66942814	70.65211548	63.53799915	57.42311728	51.77757969	79.64146137	67.72450597	64.93081403	57.62883154
CREB1	11.3969563	7.02863864	14.44293338	7.377471877	5.767134482	8.686558346	9.380380073	13.80240782	6.699045761	14.88637214	6.356971093	9.941959469	6.855929275	5.580425726	12.43495907	10.09784752	8.745985409	11.3915583	10.96833731	4.750338601	8.491464598	10.04058946	5.043984207	6.028015989	11.20493055	7.58662603	11.34579085	5.923395589	10.75747423	8.090814409	9.383452599	3.864385744	3.966292219	7.800873914	4.025262687	10.79698998	3.96464802	14.98235565	6.834413604	8.863088408	8.498774762	5.999598658	4.226357557	7.544932737	11.74737697	5.894208903	7.957589486	6.385761501	14.15160099	16.08641258	6.187588517	10.12813383	12.73543238	5.327084346	5.310099625	6.302087219	9.323257261	7.158837027	11.14879907	11.32629279	9.554920861	7.620230697	6.674606159	14.55985848	13.84787087	17.85894565	9.248195497	20.61527315	12.63857873	8.395460002	11.61905319	16.76269372
VEZF1	30.06156576	12.92831243	35.55385852	34.66796	20.86750526	6.972139153	17.43858352	4.279884299	41.68859322	14.47806848	13.34396768	17.46625057	18.9612719	8.299782963	3.808452683	7.178900644	13.9710914	5.853004154	5.650862687	19.09072294	14.24690467	5.773321355	12.80594386	17.82820099	19.23249854	21.07651111	7.295909589	16.3435094	11.04252222	18.6205648	6.51562276	17.43858352	13.80240782	8.277545056	19.15958302	11.20981082	30.44882627	3.413372682	21.32923315	20.7004022	19.85589509	6.881559917	33.63335799	18.85701968	14.11137788	22.6201362	11.80733758	15.56055498	4.856916594	43.17083152	9.057488393	13.67409967	3.65218507	23.32851573	16.07460726	12.45800641	8.483604159	24.8190281	4.547033996	75.97750452	52.85437168	17.34089878	21.2331239	7.135336764	5.309210454	5.821480086	5.275300865	5.067289657	26.87188569	62.7485661	3.653214208	5.979573886
ANKMY1	15.50750571	17.20725262	11.63472377	19.4018028	8.115251665	10.30443693	11.95972753	11.05979539	16.36879125	11.01481739	7.261702902	14.74664684	13.95371648	15.59028814	13.2676452	23.61626589	18.58982641	18.22426223	11.75253785	9.490557064	13.05301447	19.97993591	6.955962728	7.425702277	5.96152605	12.79210691	19.35012467	16.13259419	10.04399038	11.05539259	14.55985848	13.74798108	13.13644563	17.50792256	7.336825012	12.34108317	6.878271323	22.32770812	16.00541723	12.50680067	15.29676197	8.559568994	13.82414688	17.84390036	14.43411762	12.35381783	11.09293492	2.844033184	15.79602808	15.37846808	13.70705651	11.65469254	14.72917787	26.04328339	3.556504052	6.726989272	18.04562718	13.07402478	17.20725262	11.18632721	16.22359501	10.54333941	11.57308447	26.62353685	22.76708647	18.76074025	31.1104262	14.10310438	15.50750571	13.65189544	18.16513788	9.921860208
TAOK1	3.890064836	6.476698734	6.580519861	6.692840235	9.422500642	21.03635481	11.72132863	9.031002488	7.77972616	8.793350146	16.71352185	3.481988823	4.080934011	5.557595731	6.10113203	8.880564715	6.31768642	10.67099815	8.578131554	44.81745682	16.09818884	8.815986251	10.27768909	11.55148606	7.19929033	9.790446158	12.69455672	9.629465649	6.786368394	10.2969517	3.535403214	20.88720252	14.16009263	11.15331824	9.725977854	15.4542215	6.802211078	3.905936876	16.22359501	4.997898338	12.12730033	6.879928616	5.308311098	8.569888748	14.97220635	9.01346313	12.37269818	15.64512874	5.837862664	14.27320106	8.536265225	10.09784752	6.600195572	3.965744575	13.31966054	10.74529123	17.96810736	6.9657465	5.155338608	6.380236527	9.854121989	7.023604048	19.36756873	3.75308825	2.217010992	5.190301697	4.289136623	4.487193108	5.219485474	13.42012297	7.318393049	4.01953438
HNRNPH1	68.90554467	40.31373509	46.02184255	55.67110084	19.21721944	34.45908612	27.2633952	59.57501312	46.86584265	68.0425535	38.85471003	54.49556113	49.358545	24.8931335	73.29341763	35.63155044	45.80269242	39.20270547	38.08946096	28.87581838	50.23191205	29.5028861	25.9356207	35.78174638	50.81545967	48.0215433	48.61152253	43.17083152	31.70596029	36.37221947	62.24365159	35.21033343	36.21688824	31.76282919	29.5028861	52.85437168	24.75221153	55.67110084	27.03486215	42.00010278	44.95707793	30.86010756	46.86584265	26.04328339	74.57040972	30.55989528	32.20816953	31.64800975	65.54840666	44.67783571	13.73206901	45.5638462	54.66942814	44.67783571	46.74653547	14.74664684	50.07791226	32.09631033	30.25424057	45.68669357	71.02682344	56.79893551	41.8957961	58.45181257	98.86889748	65.54840666	63.83468362	67.72450597	53.20022537	47.57383764	50.07791226	33.70164766
MT-CO2	106.9999147	92.5990798	44.81745682	103.3392891	98.05845082	65.24739685	144.6207964	40.21875926	90.55328452	60.52246513	120.3443359	12.17593861	84.39373843	71.02682344	7.443891687	39.37773367	136.1598322	56.79893551	137.7485169	106.9999147	103.3392891	29.01192453	103.3392891	116.4604839	60.07111732	106.9999147	64.12844392	81.36642969	17.70868521	49.358545	28.36622273	128.7457936	119.0866716	34.99958097	98.05845082	87.80554251	105.6388127	43.2931413	109.7341717	112.4535148	65.24739685	24.27051745	64.93081403	67.72450597	6.54534651	79.64146137	39.20270547	121.4735599	10.46289987	137.7485169	32.20816953	101.2794499	8.044499984	76.8202164	117.7828005	75.09413781	49.49089218	25.28382158	45.68669357	86.05636819	30.55989528	126.1897265	130.1302438	29.05791773	19.48686137	12.12109986	51.96582889	11.17250672	83.79380416	21.69036283	20.132075	38.59039142
MT-ND4	127.3998222	141.2590258	67.72450597	130.1302438	139.5090387	88.92714058	159.1514644	59.11642882	124.9810392	99.6529925	149.696362	21.55367424	111.1084957	106.9999147	12.30503121	73.68349219	147.1457644	79.17060397	134.6427201	154.923013	144.6207964	44.32979467	144.6207964	149.696362	108.3610166	144.6207964	101.2794499	133.1226183	32.63739392	105.6388127	37.22288045	152.3030559	154.923013	54.86285157	152.3030559	130.1302438	149.696362	71.7688142	137.7485169	141.2590258	126.1897265	44.08057256	124.9810392	106.9999147	10.54717833	130.1302438	48.76610904	152.3030559	20.03654711	154.923013	66.13085576	136.1598322	13.96247409	123.7948406	152.3030559	113.7887571	73.68349219	44.45349819	70.65211548	100.4162659	62.24365159	152.3030559	142.9399111	48.0215433	38.9420338	16.72641744	76.39951803	13.81692484	120.3443359	78.67483881	37.44817811	51.77757969
MT-CO3	111.1084957	123.7948406	47.72161515	120.3443359	116.4604839	62.24365159	147.1457644	54.49556113	102.294477	88.37061168	142.9399111	12.79210691	78.17907366	60.31944576	9.67393634	48.76610904	141.2590258	56.59082146	133.1226183	141.2590258	123.7948406	42.70884242	128.7457936	139.5090387	77.25315009	127.3998222	72.91553345	97.29032593	22.5962242	60.31944576	34.99958097	142.9399111	137.7485169	31.05747287	130.1302438	75.97750452	126.1897265	64.12844392	123.7948406	122.608642	88.37061168	30.30176708	87.19105246	68.90554467	12.35381783	101.2794499	44.67783571	144.6207964	14.66696307	136.1598322	51.77757969	120.3443359	11.11645179	91.1542839	144.6207964	87.19105246	65.24739685	23.94967527	57.62883154	75.55432378	39.20270547	130.1302438	133.1226183	35.28632814	30.30176708	9.0399423	71.7688142	14.68495568	80.72398024	46.86584265	24.3008593	53.02050363
RUFY2	9.370812404	5.376923997	10.81542808	9.180628518	5.253275965	4.321239843	5.066365193	16.15435286	7.1141663	9.722632108	7.058187389	8.026357576	7.166079257	5.949094914	7.107199721	5.5232776	6.910579992	13.1164718	6.37732177	6.774408644	4.53973046	3.10623423	6.23266689	4.157131696	8.09332211	9.349990433	8.540978028	5.805189586	5.149535611	7.503488029	7.489470639	5.276311644	3.273475995	5.580425726	2.47914628	8.616617027	3.071326597	8.773429687	11.02874581	5.881989583	6.426434232	6.731917125	4.560693742	7.5429862	6.04753105	6.922131781	7.622242988	3.930308676	9.111567722	8.154444346	6.334117215	8.528589282	6.016785927	3.177742005	3.604807218	3.10468196	7.574847554	6.026809693	7.933553884	10.74082861	8.243116037	8.365462628	3.697293611	9.054563971	30.86010756	8.528589282	4.680599263	12.16982462	8.475723105	7.433098939	6.625663863	18.3381145
H2BC9	0.137931725	10.42294936	0.172981528	0.151222689	9.457724419	0.126122416	7.316505304	0.129175658	0.154782637	0.065681422	24.3008593	0.130048523	0.112802174	0.856099691	0.118313079	0.698039272	3.93798939	0.103760624	0.181992132	15.35861381	15.59028814	0.12010827	19.19684475	37.3727734	5.076291458	16.56853001	0.123103054	12.15768769	0.093481043	3.173211304	0.165553319	27.8792202	37.06101994	0.325742889	24.23984583	5.737733851	16.81502063	0.165768019	4.867337425	13.21899541	6.605932925	1.347780684	8.842608206	7.800873914	1.126605853	12.40311273	0.063437471	34.27530742	0.041631537	0.201036587	0.547131136	17.93750561	0.048548146	1.013186625	35.07040713	0.176369681	0.157998705	1.634606339	0.086335828	0.217296125	0.145106705	24.06053154	9.70841475	0.112961609	0.168660919	0.118852475	0.156499006	0.056204471	0.137894118	4.619055444	0.098864655	1.099617019
H2AC8	0.137931725	22.4194251	2.411143043	0.151222689	14.95275951	3.210974398	14.84106465	1.121037727	0.154782637	0.065681422	46.9840251	0.130048523	0.68894897	1.981094605	0.118313079	1.349834289	9.114367679	2.035382005	5.886889987	31.00678235	30.4007765	0.702638396	47.2789098	57.00708335	5.409161653	26.9904725	1.867802618	14.72917787	0.093481043	4.017768918	0.891936256	45.20248328	54.32465874	1.740251916	41.49460706	11.28681889	24.65870496	0.165768019	9.374114414	22.74241128	13.31966054	0.457265322	5.814721273	11.16769291	2.546174002	18.3859754	0.413789535	69.53198017	0.439540246	1.639013188	4.639653109	18.54163362	0.74979906	0.148812716	68.0425535	1.463382625	1.679013682	4.950746004	0.086335828	0.217296125	0.145106705	46.02184255	22.74241128	1.429700207	1.131048115	0.118852475	0.156499006	0.499403911	0.137894118	5.013398272	0.682930998	1.833346134
SPAG9	25.90085966	19.67590687	26.73056118	31.58938496	9.874639385	22.5962242	34.59935919	40.8805525	34.2126192	36.5885986	28.66227754	55.056275	33.28529037	23.01719408	73.68349219	25.34743131	35.78174638	45.32256838	22.74241128	16.29583191	29.41071994	25.62841667	12.25849172	16.70102911	41.30357743	35.92952475	42.08763889	31.42495269	62.24365159	45.44211762	30.66900729	19.48686137	13.75560311	22.4194251	10.09018169	58.64740377	11.9494159	26.12345151	31.53023159	45.44211762	34.15538401	40.31373509	16.49655305	26.32641016	46.86584265	35.55385852	45.80269242	9.193924475	72.53764926	31.32220078	18.30317052	34.2126192	36.29311441	18.63578735	14.76507172	17.19491349	40.03005458	24.92601802	47.72161515	37.77203043	40.97913397	33.28529037	16.00541723	64.37496219	57.62883154	62.02100725	42.95829485	81.97944739	41.68859322	22.6201362	58.64740377	68.0425535
ST6GALNAC2	21.32923315	8.357421502	7.642761996	22.23557025	16.10983644	5.411142671	15.23931824	19.28112996	28.74643206	18.37098979	16.72641744	31.26981103	20.49174674	17.23384841	15.35861381	21.37597207	15.26707478	10.65835724	4.072746921	7.030186951	19.69294462	13.56667434	5.740906788	2.907256158	5.273273213	17.6959213	16.91000502	10.28144036	5.775848445	15.52827516	2.940233911	17.11493435	10.75335989	13.27545031	8.781908396	23.32851573	2.167227602	13.55161196	9.441222467	24.39838602	12.13981708	4.727653479	5.228865465	11.76923734	14.06133919	8.08075238	7.063290964	5.583552612	21.25860168	8.835151797	4.610414814	12.38496497	12.05532931	25.41333361	2.482073366	5.727616238	11.01933401	16.51941547	12.30503121	6.959126707	23.25802883	5.467567976	6.12095452	49.358545	8.21903828	29.31758111	24.72255483	47.12610541	23.17728602	14.48701426	14.99284244	6.605932925
PLEKHG2	7.852295593	3.487514757	22.96940805	10.6669402	7.597196603	9.13315244	7.02863864	8.842608206	4.86578638	8.737611262	2.787906854	6.867112469	12.02504891	6.548437059	7.809425071	3.775110998	5.75068556	5.49099758	4.20679721	6.475289865	10.5886117	10.54333941	2.507986007	10.98750853	8.067317827	4.746513048	6.79745894	12.11001564	11.57308447	5.872582732	15.07917678	2.922403935	5.939339522	5.902181151	4.358447782	5.011539955	3.082358547	7.167927787	9.786814077	8.851437288	4.478928112	5.928394531	5.138559326	9.274776812	3.332827825	11.18184368	5.292055767	2.169957742	5.965179901	5.360315714	1.747840237	10.69985403	4.599486199	6.655870171	5.26765431	5.635610357	9.840277299	7.667112227	9.117189409	9.97998655	6.791163051	3.368160429	11.7912452	7.042439034	6.756910072	17.24655682	40.8805525	4.176349891	5.457528413	5.536815935	7.626187109	4.750338601
GGA3	17.27119231	10.66288224	6.528337466	10.89087793	3.685984377	6.907266538	14.33414372	8.829875662	8.509277664	12.25849172	4.521437231	4.62212206	10.95562595	9.067921884	9.896007686	16.06265624	9.812325692	5.403145635	4.905622059	4.800297026	6.369814926	6.681994497	3.4606959	5.091172813	8.683698423	5.260759223	13.05979538	6.641695092	12.11001564	9.945466014	8.885908692	5.79840638	4.721604827	12.64541472	3.559412074	6.859311303	3.153038753	9.437999474	8.206683075	7.765457968	9.0399423	10.9380374	11.13903275	8.955636537	11.22972072	4.201978741	12.95767485	8.398059024	9.878204558	11.00170688	4.629453667	8.108587673	8.770730867	7.47452415	5.026813417	11.07870682	7.021802591	4.428943425	15.94470417	8.009776563	13.78700464	10.39048367	2.137615942	14.07679514	32.42334778	12.71414339	10.67532569	11.89023709	13.50409372	7.288839299	12.25249649	10.97767275
WTIP	7.451676607	4.039882789	5.186798816	5.462622765	6.5618906	18.37098979	4.046235499	3.612512324	4.55930705	5.219485474	6.223500414	10.15349254	6.619311526	4.744339877	10.94246271	9.497297816	5.269440508	12.2258035	2.017664896	2.292587098	4.261434131	5.995841748	2.151899801	9.961161563	3.876515139	9.428467128	5.340876152	3.018256518	7.592532561	4.277096391	4.197011933	12.81208036	18.99066224	10.88228078	4.723748993	3.25746129	2.754470536	6.262044958	1.853264421	6.224808115	3.699728765	7.800873914	7.276756046	8.447521335	20.24644743	4.416855083	8.55124445	8.387802606	6.842341198	9.688426005	7.546893881	6.328872954	21.39924312	9.0399423	8.310795198	3.808452683	7.321964137	3.683414847	8.102364862	4.457843144	5.623409382	14.23796024	7.526784037	7.86942356	59.34981247	22.12019991	3.680499643	8.942308915	4.439037972	13.03948687	12.77797541	1.945993735
LNPK	13.30440048	4.8553425	8.934514138	6.12095452	4.699432465	6.442238424	8.282260699	9.850569462	10.40688401	11.38615054	5.215021942	9.649545553	6.442238424	6.042644114	13.31177661	12.2258035	5.966372829	8.236388016	3.025612966	5.870165434	7.064959547	9.867406729	2.832098967	4.772657302	9.309157961	8.112803309	9.57045067	9.819071538	7.763258383	7.063290964	9.829462827	5.71229487	5.089532465	4.898764964	5.412132001	14.87743325	2.045242053	7.117546185	8.1975541	11.31626732	5.778407625	13.07402478	3.061685826	10.45162327	9.226864865	9.0399423	20.82190825	4.49807329	25.55761262	9.586034887	4.596685016	11.45284172	14.15160099	11.76343496	3.745913794	9.652889877	6.039239239	8.842608206	6.915462909	9.745188089	9.515837584	6.787990956	3.004525836	15.51763744	16.71352185	20.20435472	12.20099041	16.54441649	17.66546135	9.561232847	7.110496495	14.56815268
RSPH1	11.78063177	6.638727378	9.97998655	13.19708617	5.595282448	7.928875805	9.941959469	6.194016395	8.21903828	10.45526362	5.218452319	7.408355545	11.14879907	6.215535227	11.01933401	18.17964486	8.063117939	8.260259022	5.501182979	1.818826353	6.272489839	9.567459396	2.153428165	4.04276843	8.007271855	7.752993695	11.71140988	6.824932607	9.808721505	8.536265225	10.77955257	7.889143472	3.852150432	11.30095297	5.560655489	10.09386299	4.887392763	11.40682205	3.662307805	10.45877932	8.423317045	8.55124445	5.045686833	4.263823176	6.749067756	6.669853467	11.55148606	4.575813273	10.44342661	7.667112227	3.850006198	9.892207815	10.01539909	5.526483441	4.176979802	5.19986083	7.282161057	4.842526998	12.70730493	9.899891242	16.15435286	9.77614099	7.236805102	21.01550531	18.44537683	27.0792518	6.091022676	11.71640404	17.9962519	7.086907572	10.92404713	3.905407607
KLHL25	6.625663863	11.69658119	4.312006959	5.107553541	12.45800641	7.493184123	4.909587605	7.616230783	5.607123034	6.622472153	5.737733851	10.10601217	11.35532149	17.02724009	11.64984281	14.43411762	7.515313113	11.99648218	5.500138264	3.16266043	4.467326834	8.102364862	2.17779014	4.290364764	1.908891613	6.421209593	6.508456684	11.49178965	4.907196661	8.996296723	6.871893102	10.11335781	6.73358662	11.71640404	3.882974911	4.74953977	3.682468695	3.304994728	4.269526875	8.85730471	6.328872954	3.535864521	9.036882452	4.313347219	11.52673563	7.166079257	3.743366776	3.166036944	11.44244304	4.348489261	3.229981593	12.31119227	16.21205214	11.69178323	3.361617103	14.45143928	34.8631763	3.432505334	5.320880594	3.260419825	11.12534071	9.599411957	2.38918424	12.62639294	11.75797434	28.79265058	40.03005458	36.5885986	20.132075	11.30095297	19.8186403	8.423317045
RNF133	21.50810702	6.931748335	7.079695004	6.431846661	4.80108055	5.863001211	12.43495907	16.9768481	24.49968817	12.68193559	5.073571572	12.92162478	14.23796024	7.338681458	17.28316407	13.69124294	25.01363267	10.98255421	6.036755165	8.279916445	11.33169159	10.2117237	3.406052516	3.745913794	5.486953384	13.99510761	14.56815268	9.114367679	8.017134099	10.0830538	7.580820286	8.049631441	3.607167004	6.342983259	5.022313663	10.89953808	2.408773214	7.101926593	5.80884687	13.36771264	9.484322749	5.989141631	6.069730648	9.528642073	9.340251262	9.082703102	10.72223387	3.106953075	17.93750561	5.099382408	6.563297429	8.000335223	6.148904968	13.08133489	2.870949068	6.133875769	8.413505838	11.91318919	11.51610597	7.238617413	13.18937727	4.032789057	3.837498437	17.19491349	10.12474702	18.20932248	13.19708617	41.8957961	11.02874581	6.638727378	11.65973356	11.48690651
MTF1	9.105970634	4.013737038	7.321964137	3.159655582	5.514905529	7.353269399	19.4018028	13.55161196	17.59725812	17.92384222	9.180628518	3.87708071	7.886812244	7.968760935	6.845587575	13.77903004	10.00477662	13.42012297	7.644893536	3.167568123	11.88440713	8.357421502	6.820057614	8.336137513	6.805306152	11.81223715	8.877568817	2.758613691	3.637376859	7.32749044	4.265104755	9.725977854	3.429471595	11.50608262	3.046411188	20.84543234	2.527137024	32.31222808	9.7387054	7.826462253	9.451058989	8.69462599	4.372592403	12.99889222	11.59342264	8.178257059	7.483765327	6.2766176	10.85943417	14.42530185	3.965744575	12.20737268	10.54333941	5.877099123	5.664945902	4.117431625	11.58355288	8.931631292	16.08641258	8.231877312	13.76325489	4.783754028	2.93225004	13.99510761	5.532642993	32.20816953	31.05747287	18.63578735	9.13315244	11.4677048	9.646201229	14.11943931
